Number of Vertices, Percentage, Number of operations, Minimum Vertex Cover, Execution Time
10,25,45,1,0.0090008
10,50,45,2,0.0180163
10,75,45,1,0.0260055
11,25,55,2,0.0190039
11,50,55,1,0.0393262
11,75,55,2,0.0573251
12,25,66,1,0.0340021
12,50,66,1,0.0660019
12,75,66,2,0.1000226
13,25,78,0,0.0990171
13,50,78,2,0.1750338
13,75,78,1,0.2540522
14,25,91,1,0.1770506
14,50,91,2,0.3160822
14,75,91,2,0.4431047
15,25,105,1,0.3670757
15,50,105,2,0.6381495
15,75,105,2,0.9622021
16,25,120,1,0.7891779
16,50,120,1,1.6083622
16,75,120,2,2.2675107
17,25,136,1,2.074466
17,50,136,2,3.6942899
17,75,136,2,5.2782745
18,25,153,2,3.3717504
18,50,153,2,6.5590987
18,75,153,2,9.6292975
19,25,171,1,8.6986523
19,50,171,1,17.4173136
19,75,171,1,25.7133441
20,25,190,1,18.9644456
20,50,190,1,41.3016589
20,75,190,2,57.9397182
21,25,210,1,46.8996718
21,50,210,1,91.1342134
21,75,210,2,131.928941
22,25,231,1,88.1633096
22,50,231,1,176.73772
22,75,231,1,260.1340935
23,25,253,1,202.0589075
23,50,253,2,331.6805811
23,75,253,2,467.1781363
